{"_wandb":{"runtime":82},"episode/length":360,"train/clip_fraction":0.1294921875,"train/value_loss":0.9430880437830638,"reward_components/enemy_in_sight_fired":1,"train/policy_gradient_loss":-0.01693979575065896,"_runtime":82.1598856,"_timestamp":1.7749800508222487e+09,"train/learning_rate":0.0003,"reward_components/kill":0,"train/explained_variance":0.022860288619995117,"reward_components/bullets_missed":0,"train/clip_range":0.2,"episode/reward":12,"_step":10240,"reward_components/move":1,"train/n_updates":90,"train/entropy_loss":-1.5273682340979575,"train/approx_kl":0.014512789435684681,"train/loss":-0.054170358926057816,"reward_components/hit_made":0}