{"train/clip_range":0.2,"train/explained_variance":0.05884718894958496,"train/value_loss":1.531898486587488,"train/loss":-0.059830669313669205,"train/learning_rate":0.0003,"_runtime":86.7243512,"_step":10240,"reward_components/hit_made":0,"train/entropy_loss":-1.5671188831329346,"_wandb":{"runtime":86},"episode/length":163,"episode/reward":10.76,"reward_components/kill":0,"reward_components/bullets_missed":0,"train/approx_kl":0.011409780010581017,"reward_components/enemy_in_sight_fired":1,"train/clip_fraction":0.0943359375,"train/n_updates":90,"train/policy_gradient_loss":-0.010746756917797029,"_timestamp":1.7749805344683087e+09,"reward_components/move":1}