{"_timestamp":1.7749798952809985e+09,"train/entropy_loss":-1.5118920430541039,"train/explained_variance":0.02435588836669922,"train/learning_rate":0.0003,"reward_components/kill":0,"train/clip_range":0.2,"episode/reward":1.13,"episode/length":1000,"reward_components/enemy_in_sight_fired":0,"train/loss":-0.0597662590444088,"train/policy_gradient_loss":-0.014393134688725695,"train/approx_kl":0.007542270235717297,"reward_components/bullets_missed":0,"train/clip_fraction":0.16455078125,"train/value_loss":2.578512721137895,"_step":10240,"reward_components/move":0,"_runtime":105.736932,"reward_components/hit_made":0,"train/n_updates":90,"_wandb":{"runtime":105}}