{"train/n_updates":9760,"reward_components/hit_made":0,"reward_components/enemy_in_sight_fired":1,"episode/reward":10.66,"train/explained_variance":0.5878759324550629,"train/policy_gradient_loss":-0.024829895078437404,"train/entropy_loss":-1.1845228631049394,"_wandb":{"runtime":8637},"_step":1000448,"_timestamp":1.7748050386339614e+09,"train/learning_rate":0.0003,"train/clip_fraction":0.2603515625,"reward_components/bullets_missed":0,"train/approx_kl":0.02517883852124214,"episode/reward_rolling_mean_100":10.693299999999999,"_runtime":8637.6995241,"train/value_loss":0.02250448998202046,"reward_components/move":1,"episode/length":105,"train/loss":-0.06732925772666931,"reward_components/kill":0,"train/clip_range":0.2}